{"mean": [87.18976377952755, 0.6024572504973585, 0.2767203538528968, 0.0, 0.7848643919510061, 0.0, 0.062468629388308945, 0.06360454943132109, 0.44216972878390204, 51.97821065453407, 0.0, 42.870443587681756, 23.236292987991504, 0.0, 0.0013123359580052493, 0.006036745406824147, 37.06392166144944, 0.001137357830271216, 0.0013998250218722659, 0.1247594050743657, 0.7758530183727034, 0.4395450568678915], "std": [166.75095858025304, 0.37645801770551873, 0.31994425516478375, 1.0, 2.758681223786349, 1.0, 0.15620184720102787, 0.24404714856551735, 0.49664439967754853, 41.521327276636555, 1.0, 46.24787330775126, 38.38489739910983, 1.0, 0.03620239953840871, 0.07746162347716018, 39.0716758670202, 0.033705552175229775, 0.037388039688921994, 0.3304459046801096, 0.41701931880270127, 0.49633174374695554]}