{"mean": [61.12668416447944, 21.090288713910763, 0.15056867891513562, 2.4807524059492563, 0.9975503062117236, 0.022222222222222223, 0.14120734908136484, 0.16229221347331582, 0.0, 0.2931758530183727, 0.3226596675415573, 0.006649168853893263, 0.1230971128608924, 4.289588801399825, 0.0006999125109361329, 1.0279090113735783, 0.004024496937882764, 0.06229221347331584, 0.0019247594050743656, 0.03482064741907261, 0.44846894138232724, 0.12799650043744532, 0.006561679790026247, 0.016710411198600176, 0.6109361329833771, 0.05313730193880547, 0.02502370965100779, 0.00034995625546806647, 0.002362204724409449, 0.06561679790026247, 0.050131233595800524, 0.021609798775153104, 2.23167104111986, 0.20244969378827646, 0.08328958880139982, 0.12344706911636046, 0.00017497812773403323, 6.232808398950131, 2.927471566054243, 3.127296587926509, 5.019772528433946, 2.3989501312335957, 15.393875765529309, 10.467979002624672, 10.561504811898512, 7.2588816945008405, 7.678074514198387, 5.09242470940267, 0.32773403324584427, 0.1041994750656168, 0.0041119860017497815, 0.004899387576552931, 0.017935258092738406], "std": [55.29489902680049, 10.776699623367412, 0.35762795171083367, 1.3696263173885652, 2.086995341287541, 0.15549305080936854, 0.3644398305306716, 0.8213014842824782, 1.0, 0.9982735629242849, 1.0932878465870288, 0.08127088905288093, 1.4663863476512051, 1.882168967811246, 0.026446599656915596, 0.24031494088213406, 0.10323501933052077, 0.598163414266404, 0.0771074033033775, 0.37555923682035247, 0.5018904076776391, 0.3789912844493135, 0.08073799693056181, 0.1693506489434162, 0.48753786970726126, 0.08935881749604217, 0.0934179145690618, 0.018703844152668864, 0.04854507918676647, 0.24761105333481903, 0.21821570295000267, 0.14540569236467496, 0.6370408873345662, 0.40182560305847803, 0.2763194405008333, 0.3289496773716931, 0.013226772485714267, 5.572111352198042, 4.768727175448752, 2.2114745591310556, 3.9414073833758927, 2.9976775408318925, 22.082678435896334, 4.931798905825653, 23.07687381713805, 4.1456451527558675, 3.5782781293662747, 7.146737080927455, 0.8425634920278003, 0.3055191392722667, 0.06399279313228322, 0.06982394702340772, 0.132716180663419]}